{
  "CIFAR10": {
    "resnet18": {
      "baseline_accuracy": 0.9406,
      "diet_accuracy": 0.9287,
      "accuracy_difference": -0.011900000000000022,
      "accuracy_improvement_percent": -1.265149904316396,
      "baseline_f1_macro": 0.9405261260384193,
      "diet_f1_macro": 0.9281804733110661,
      "f1_macro_difference": -0.012345652727353218,
      "baseline_f1_weighted": 0.9405261260384193,
      "diet_f1_weighted": 0.9281804733110662,
      "f1_weighted_difference": -0.012345652727353107,
      "baseline_balanced_accuracy": 0.9405999999999999,
      "diet_balanced_accuracy": 0.9286999999999999,
      "balanced_accuracy_difference": -0.011900000000000022,
      "baseline_precision_macro": 0.9405909919887574,
      "diet_precision_macro": 0.9287605453245955,
      "precision_macro_difference": -0.011830446664161887,
      "baseline_recall_macro": 0.9405999999999999,
      "diet_recall_macro": 0.9286999999999999,
      "recall_macro_difference": -0.011900000000000022,
      "baseline_cohen_kappa": 0.934,
      "diet_cohen_kappa": 0.9207777777777778,
      "cohen_kappa_difference": -0.013222222222222246,
      "baseline_matthews_corrcoef": 0.9340152764636726,
      "diet_matthews_corrcoef": 0.9208993956897772,
      "matthews_corrcoef_difference": -0.013115880773895361
    },
    "resnet34": {
      "baseline_accuracy": 0.9499,
      "diet_accuracy": 0.9233,
      "accuracy_difference": -0.026599999999999957,
      "accuracy_improvement_percent": -2.8002947678702976,
      "baseline_f1_macro": 0.9498887325466244,
      "diet_f1_macro": 0.9231352133375509,
      "f1_macro_difference": -0.02675351920907354,
      "baseline_f1_weighted": 0.9498887325466245,
      "diet_f1_weighted": 0.9231352133375509,
      "f1_weighted_difference": -0.02675351920907365,
      "baseline_balanced_accuracy": 0.9498999999999999,
      "diet_balanced_accuracy": 0.9233,
      "balanced_accuracy_difference": -0.026599999999999846,
      "baseline_precision_macro": 0.9499235513707667,
      "diet_precision_macro": 0.925368658463352,
      "precision_macro_difference": -0.024554892907414638,
      "baseline_recall_macro": 0.9498999999999999,
      "diet_recall_macro": 0.9233,
      "recall_macro_difference": -0.026599999999999846,
      "baseline_cohen_kappa": 0.9443333333333334,
      "diet_cohen_kappa": 0.9147777777777778,
      "cohen_kappa_difference": -0.029555555555555557,
      "baseline_matthews_corrcoef": 0.9443383488325494,
      "diet_matthews_corrcoef": 0.915056271780592,
      "matthews_corrcoef_difference": -0.0292820770519574
    }
  },
  "CIFAR100": {
    "resnet18": {
      "baseline_accuracy": 0.7911,
      "diet_accuracy": 0.7692,
      "accuracy_difference": -0.02190000000000003,
      "accuracy_improvement_percent": -2.768297307546458,
      "baseline_f1_macro": 0.7911360876072883,
      "diet_f1_macro": 0.7687988644596193,
      "f1_macro_difference": -0.02233722314766895,
      "baseline_f1_weighted": 0.7911360876072883,
      "diet_f1_weighted": 0.7687988644596193,
      "f1_weighted_difference": -0.02233722314766895,
      "baseline_balanced_accuracy": 0.7911,
      "diet_balanced_accuracy": 0.7692,
      "balanced_accuracy_difference": -0.02190000000000003,
      "baseline_precision_macro": 0.7931771169343053,
      "diet_precision_macro": 0.7766000157347165,
      "precision_macro_difference": -0.016577101199588773,
      "baseline_recall_macro": 0.7911,
      "diet_recall_macro": 0.7692,
      "recall_macro_difference": -0.02190000000000003,
      "baseline_cohen_kappa": 0.788989898989899,
      "diet_cohen_kappa": 0.7668686868686869,
      "cohen_kappa_difference": -0.022121212121212097,
      "baseline_matthews_corrcoef": 0.7890113619848297,
      "diet_matthews_corrcoef": 0.766948081725069,
      "matthews_corrcoef_difference": -0.022063280259760676
    },
    "resnet34": {
      "baseline_accuracy": 0.8112,
      "diet_accuracy": 0.7559,
      "accuracy_difference": -0.055300000000000016,
      "accuracy_improvement_percent": -6.817061143984223,
      "baseline_f1_macro": 0.8113269929027329,
      "diet_f1_macro": 0.7560061600265315,
      "f1_macro_difference": -0.055320832876201376,
      "baseline_f1_weighted": 0.8113269929027329,
      "diet_f1_weighted": 0.7560061600265314,
      "f1_weighted_difference": -0.05532083287620149,
      "baseline_balanced_accuracy": 0.8111999999999999,
      "diet_balanced_accuracy": 0.7558999999999999,
      "balanced_accuracy_difference": -0.055300000000000016,
      "baseline_precision_macro": 0.8129896575345579,
      "diet_precision_macro": 0.7685317152600191,
      "precision_macro_difference": -0.04445794227453881,
      "baseline_recall_macro": 0.8111999999999999,
      "diet_recall_macro": 0.7558999999999999,
      "recall_macro_difference": -0.055300000000000016,
      "baseline_cohen_kappa": 0.8092929292929294,
      "diet_cohen_kappa": 0.7534343434343435,
      "cohen_kappa_difference": -0.05585858585858594,
      "baseline_matthews_corrcoef": 0.8093089521338255,
      "diet_matthews_corrcoef": 0.7535654143211231,
      "matthews_corrcoef_difference": -0.05574353781270236
    }
  },
  "HardMNIST": {
    "resnet18": {
      "baseline_accuracy": 0.9749,
      "diet_accuracy": 0.9815,
      "accuracy_difference": 0.00660000000000005,
      "accuracy_improvement_percent": 0.6769925120525233,
      "baseline_f1_macro": 0.9746855767269395,
      "diet_f1_macro": 0.9813853897737044,
      "f1_macro_difference": 0.006699813046764924,
      "baseline_f1_weighted": 0.974889961420331,
      "diet_f1_weighted": 0.9814902787260611,
      "f1_weighted_difference": 0.006600317305730075,
      "baseline_balanced_accuracy": 0.9746515738637418,
      "diet_balanced_accuracy": 0.9813380463862446,
      "balanced_accuracy_difference": 0.006686472522502762,
      "baseline_precision_macro": 0.9747690240667494,
      "diet_precision_macro": 0.9815452465779796,
      "precision_macro_difference": 0.006776222511230223,
      "baseline_recall_macro": 0.9746515738637418,
      "diet_recall_macro": 0.9813380463862446,
      "recall_macro_difference": 0.006686472522502762,
      "baseline_cohen_kappa": 0.9721000224200218,
      "diet_cohen_kappa": 0.9794361727591803,
      "cohen_kappa_difference": 0.007336150339158465,
      "baseline_matthews_corrcoef": 0.9721055333003185,
      "diet_matthews_corrcoef": 0.9794486606333156,
      "matthews_corrcoef_difference": 0.007343127332997135
    },
    "resnet34": {
      "baseline_accuracy": 0.9816,
      "diet_accuracy": 0.9857,
      "accuracy_difference": 0.0040999999999999925,
      "accuracy_improvement_percent": 0.41768541157294137,
      "baseline_f1_macro": 0.9814311682671791,
      "diet_f1_macro": 0.9856489759568948,
      "f1_macro_difference": 0.004217807689715691,
      "baseline_f1_weighted": 0.981606472812677,
      "diet_f1_weighted": 0.9856970881128132,
      "f1_weighted_difference": 0.004090615300136213,
      "baseline_balanced_accuracy": 0.9814141904577971,
      "diet_balanced_accuracy": 0.9856985373943188,
      "balanced_accuracy_difference": 0.004284346936521688,
      "baseline_precision_macro": 0.9815084087851517,
      "diet_precision_macro": 0.9856226998004504,
      "precision_macro_difference": 0.004114291015298699,
      "baseline_recall_macro": 0.9814141904577971,
      "diet_recall_macro": 0.9856985373943188,
      "recall_macro_difference": 0.004284346936521688,
      "baseline_cohen_kappa": 0.9795475479660853,
      "diet_cohen_kappa": 0.9841050844655812,
      "cohen_kappa_difference": 0.004557536499495862,
      "baseline_matthews_corrcoef": 0.979554124476121,
      "diet_matthews_corrcoef": 0.9841076222671608,
      "matthews_corrcoef_difference": 0.004553497791039751
    }
  }
}