{
    "CIFAR10": {
        "resnet18": {
            "baseline": {
                "GradCAM": {
                    "0.01": 0.0703125,
                    "0.05": 0.1015625,
                    "0.1": 0.1328125,
                    "0.2": 0.171875,
                    "0.5": 0.765625,
                    "1.0": 0.9453125
                },
                "IG": {
                    "0.01": 0.1015625,
                    "0.05": 0.1171875,
                    "0.1": 0.1171875,
                    "0.2": 0.1484375,
                    "0.5": 0.234375,
                    "1.0": 0.9453125
                }
            },
            "diet": {
                "DiET": {
                    "0.01": 0.109375,
                    "0.05": 0.1328125,
                    "0.1": 0.140625,
                    "0.2": 0.2734375,
                    "0.5": 0.515625,
                    "1.0": 0.9296875
                }
            }
        },
        "resnet34": {
            "baseline": {
                "GradCAM": {
                    "0.01": 0.1171875,
                    "0.05": 0.1015625,
                    "0.1": 0.109375,
                    "0.2": 0.2109375,
                    "0.5": 0.75,
                    "1.0": 0.953125
                },
                "IG": {
                    "0.01": 0.09375,
                    "0.05": 0.09375,
                    "0.1": 0.0703125,
                    "0.2": 0.171875,
                    "0.5": 0.203125,
                    "1.0": 0.953125
                }
            },
            "diet": {
                "DiET": {
                    "0.01": 0.109375,
                    "0.05": 0.125,
                    "0.1": 0.1796875,
                    "0.2": 0.2890625,
                    "0.5": 0.6015625,
                    "1.0": 0.9375
                }
            }
        }
    },
    "CIFAR100": {
        "resnet18": {
            "baseline": {
                "GradCAM": {
                    "0.01": 0.0078125,
                    "0.05": 0.0390625,
                    "0.1": 0.0390625,
                    "0.2": 0.1640625,
                    "0.5": 0.625,
                    "1.0": 0.8203125
                },
                "IG": {
                    "0.01": 0.0078125,
                    "0.05": 0.015625,
                    "0.1": 0.015625,
                    "0.2": 0.015625,
                    "0.5": 0.0625,
                    "1.0": 0.8203125
                }
            },
            "diet": {
                "DiET": {
                    "0.01": 0.0234375,
                    "0.05": 0.015625,
                    "0.1": 0.015625,
                    "0.2": 0.015625,
                    "0.5": 0.109375,
                    "1.0": 0.8203125
                }
            }
        },
        "resnet34": {
            "baseline": {
                "GradCAM": {
                    "0.01": 0.015625,
                    "0.05": 0.0234375,
                    "0.1": 0.0390625,
                    "0.2": 0.1484375,
                    "0.5": 0.5625,
                    "1.0": 0.8671875
                },
                "IG": {
                    "0.01": 0.0078125,
                    "0.05": 0.0078125,
                    "0.1": 0.0,
                    "0.2": 0.0234375,
                    "0.5": 0.125,
                    "1.0": 0.8671875
                }
            },
            "diet": {
                "DiET": {
                    "0.01": 0.0390625,
                    "0.05": 0.0390625,
                    "0.1": 0.0390625,
                    "0.2": 0.0703125,
                    "0.5": 0.21875,
                    "1.0": 0.8046875
                }
            }
        }
    },
    "HardMNIST": {
        "resnet18": {
            "baseline": {
                "GradCAM": {
                    "0.01": 0.0,
                    "0.05": 0.0078125,
                    "0.1": 0.2734375,
                    "0.2": 0.734375,
                    "0.5": 0.9140625,
                    "1.0": 0.9609375
                },
                "IG": {
                    "0.01": 0.0,
                    "0.05": 0.0,
                    "0.1": 0.046875,
                    "0.2": 0.484375,
                    "0.5": 0.921875,
                    "1.0": 0.9609375
                }
            },
            "diet": {
                "DiET": {
                    "0.01": 0.0234375,
                    "0.05": 0.4375,
                    "0.1": 0.640625,
                    "0.2": 0.7890625,
                    "0.5": 0.9765625,
                    "1.0": 0.9765625
                }
            }
        },
        "resnet34": {
            "baseline": {
                "GradCAM": {
                    "0.01": 0.0,
                    "0.05": 0.1171875,
                    "0.1": 0.6171875,
                    "0.2": 0.9140625,
                    "0.5": 0.96875,
                    "1.0": 0.984375
                },
                "IG": {
                    "0.01": 0.109375,
                    "0.05": 0.34375,
                    "0.1": 0.6484375,
                    "0.2": 0.8359375,
                    "0.5": 0.984375,
                    "1.0": 0.984375
                }
            },
            "diet": {
                "DiET": {
                    "0.01": 0.0546875,
                    "0.05": 0.2109375,
                    "0.1": 0.328125,
                    "0.2": 0.4296875,
                    "0.5": 0.7109375,
                    "1.0": 0.984375
                }
            }
        }
    }
}